<?xml version="1.0" encoding="utf-8"?>
<modification>
  <name>Review Image</name>
  <code>review_image_adding</code>
  <version>1.0</version>
  <author>Anas dawood</author>
  <link>www.goole.com</link>
  <file path="admin/view/template/catalog/review_form.twig">
    <operation>
      <search><![CDATA[</form>]]></search>
      <add position="before"><![CDATA[<div class="table-responsive">
        <div class="col-sm-2"></div>
        <div class="col-sm-10 control-label">
            <table id="images" class="table table-striped table-bordered table-hover">
                <thead>
                    <tr>
                        <td class="text-left">{{ entry_image }}</td>
                        <td></td>
                    </tr>
                </thead>
                <tbody>
                    {% set image_row = 0 %}
                    {% for review_image in review_images %}
                        <tr id="image-row{{ image_row }}">
                            <td class="text-left"><div class="image"><img src="data:{{ review_image.type }};base64,{{ review_image.thumb }}" alt="" id="thumb{{ image_row }}" width="100" height="100" />
                                    <input type="hidden" name="review_image[{{ image_row }}][image]" value="{{ review_image.thumb }}" id="review_image{{ image_row }}" />
                                    <input type="hidden" name="review_image[{{ image_row }}][type]" value="{{ review_image.type }}" id="review_image{{ image_row }}" />
                                    <input type="hidden" name="review_image[{{ image_row }}][size]" value="{{ review_image.size }}" id="review_image{{ image_row }}" />
                                    <input type="hidden" name="review_image[{{ image_row }}][name]" value="{{ review_image.name }}" id="review_image{{ image_row }}" />
                                    <br />
                            <td class="text-left"><a onclick="$('#image-row{{ image_row }}').remove();" class="button">{{button_remove}}</a></td>
                        </tr>
                        {% set image_row = image_row + 1 %}
                    {% endfor %}
                </tbody>
                <tfoot>
                    <tr>
                        <td></td>
                        <td class="text-left"><a onclick="addImage();" class="btn btn-warning">{{ button_image_add }}</a></td>
                    </tr>
                </tfoot>
            </table>
        </div>
    </div>  ]]></add>
    </operation>
    <operation>
            <search><![CDATA[{{ footer }}]]></search>
            <add position="before"><![CDATA[
                <script type="text/javascript"><!--
                    var image_row = {{ image_row }};

                    function addImage() {
                        html  = '<tr id="image-row' + image_row + '">';
                      html += '    <td class="text-left"><div class="image"><img src="{{ placeholder }}" alt="" id="thumb' + image_row + '" width=100 height=100 />';
                      html += '    <br /><input type="file" onchange="previewFile(' + image_row + ')" name="image' + image_row + '" id="image' + image_row + '" />';
                      html += '    <td class="text-left"><a onclick="$(\'#image-row' + image_row  + '\').remove();" class="button">{{ button_remove }}</a></td>';
                      html += '  </tr>';
                      
                      $('#images tbody').append(html);
                      
                      image_row++;
                    }
                    //--></script>
                
                
                <script type="text/javascript"><!--
                    function previewFile(row) {
                            var preview = document.getElementById('thumb'+row);
                            var file    = document.getElementById('image'+row).files[0];
                            var reader  = new FileReader();

                            reader.onloadend = function () {
                              preview.src = reader.result;
                            }

                            if (file) {
                              reader.readAsDataURL(file);
                            } else {
                              preview.src = "{{ placeholder }}";
                            }
                          }
                    //--></script>
            ]]></add>
        </operation>
  </file>
  
  <file path="admin/controller/catalog/review.php">
    <operation>
      <search><![CDATA[$this->response->setOutput($this->load->view('catalog/review_form', $data));]]></search>
      <add position="before"><![CDATA[$this->load->model('tool/image');
        $data['placeholder'] = $this->model_tool_image->resize('no_image.png', 100, 100);
        // Images
        if (isset($this->request->get['review_id'])) {
            $review_images = $this->model_catalog_review->getReviewImages($this->request->get['review_id']);
        } else {
            $review_images = array();
        }

        $data['review_images'] = array();
        foreach ($review_images as $review_image) {
            if (isset($review_image['data'])) {
                $image = $review_image['data'];
                $thumb = base64_encode($image);
                $type = $review_image['mime'];
                $size = $review_image['image_size'];
                $name = $review_image['image_name'];
            } else {
                $image = '';
                $thumb = 'no_image.png';
                $type = '';
                $size = '';
                $name = '';
            }
            $data['review_images'][] = array(
                'image' => $image,
                'thumb' => $thumb,
                'type' => $type,
                'size' => $size,
                'name' => $name,
            );
        }



        $data['text_browse'] = $this->language->get('text_browse');
        $data['text_clear'] = $this->language->get('text_clear');
        $data['text_no_results'] = $this->language->get('text_no_results');
        $data['text_image_manager'] = $this->language->get('text_image_manager');
        $data['entry_sort_order'] = $this->language->get('entry_sort_order');
        $data['entry_image'] = $this->language->get('entry_image');
        $data['button_add_image'] = $this->language->get('button_add_image');
        $data['button_remove'] = $this->language->get('button_remove');]]></add>
    </operation>
    <operation>
      <search><![CDATA[$this->model_catalog_review->addReview($this->request->post);]]></search>
      <add position="replace"><![CDATA[$review_id = $this->model_catalog_review->addReview($this->request->post);
            
            $files = array();
            $oldFiles = array();

            if (!empty($this->request->files) && is_array($this->request->files) && isset($review_id)) {
                foreach ($this->request->files as $key) {
                    if ($key['name'] != "") {
                        $files[] = array(
                            'name' => $key['name'],
                            'type' => $key['type'],
                            'tmp_name' => $key['tmp_name'],
                            'error' => $key['error'],
                            'size' => $key['size']
                        );
                    }
                }
                
                $this->model_catalog_review->editReviewImages($review_id, $files, $oldFiles);
            }]]></add>
    </operation>
    <operation>
            <search><![CDATA[$this->model_catalog_review->editReview($this->request->get['review_id'], $this->request->post);]]></search>
            <add position="after"><![CDATA[
               $files = array();
            $oldFiles = array();

            if (!empty($this->request->files) && is_array($this->request->files)) {
                foreach ($this->request->files as $key) {
                    if ($key['name'] != "") {
                        $files[] = array(
                            'name' => $key['name'],
                            'type' => $key['type'],
                            'tmp_name' => $key['tmp_name'],
                            'error' => $key['error'],
                            'size' => $key['size']
                        );
                    }
                }
            }


            if (!empty($this->request->post['review_image']) && is_array($this->request->post['review_image'])) {
                foreach ($this->request->post['review_image'] as $key2) {
                    if ($key2['name'] != "") {
                        $oldFiles[] = array(
                            'name' => $key2['name'],
                            'type' => $key2['type'],
                            'tmp_name' => $key2['image'],
                            'size' => $key2['size']
                        );
                    }
                }
            }
            $this->model_catalog_review->editReviewImages($this->request->get['review_id'], $files, $oldFiles);
            ]]></add>
        </operation>
  </file>
  
  <file path="admin/model/catalog/review.php">
        <operation>
            <search><![CDATA[public function deleteReview($review_id) {]]></search>
            <add position="before"><![CDATA[
               public function editReviewImages($review_id, $data,$oldData) {
		$this->db->query("DELETE FROM " . DB_PREFIX . "review_image WHERE review_id = '" . (int)$review_id . "'");

		if (isset($data)) {
			foreach ($data as $review_image) {
				$this->db->query("INSERT INTO " . DB_PREFIX . "review_image SET review_id = '" . (int)$review_id . "', image_name = '" . $this->db->escape($review_image['name']) . "', mime = '" . $review_image['type'] . "', data = '" . addslashes(file_get_contents($review_image['tmp_name'])) . "', image_size = '" . $review_image['size'] . "'");
			}
		}
                if (isset($oldData)) {
			foreach ($oldData as $review_image_old) {
				$this->db->query("INSERT INTO " . DB_PREFIX . "review_image SET review_id = '" . (int)$review_id . "', image_name = '" . $this->db->escape($review_image_old['name']) . "', mime = '" . $review_image_old['type'] . "', data = '" . addslashes(base64_decode($review_image_old['tmp_name'])) . "', image_size = '" . $review_image_old['size'] . "'");
			}
		}
	}
	
	public function getReviewImages($review_id) {
		$query = $this->db->query("SELECT * FROM " . DB_PREFIX . "review_image WHERE review_id = '" . (int)$review_id . "'");

		return $query->rows;
	}
            ]]></add>
        </operation>
		<operation>
            <search><![CDATA[public function deleteReview($review_id) {]]></search>
            <add position="after"><![CDATA[
			$this->db->query("DELETE FROM " . DB_PREFIX . "review_image WHERE review_id = '" . (int)$review_id . "'");
              
            ]]></add>
        </operation>
    </file>
    
  <file path="admin/language/en-gb/catalog/review.php">
        <operation error="log" info="Text File in admin">
            <search><![CDATA[$_['heading_title']]]></search>
            <add position="before"><![CDATA[
                $_['entry_image']       = 'Image';
				$_['entry_sort_order']  = 'Sort Order';
				$_['text_browse']       = 'Brows';
				$_['text_clear']        = 'Clear';
            ]]></add>
        </operation>
    </file>
    
  <file path="catalog/language/en-gb/product/product.php">
        <operation error="log" info="Edit image code while inserting in catalog">
            <search><![CDATA[$_['text_search']]]></search>
            <add position="before"><![CDATA[
                $_['entry_image']       = 'Image';
				$_['entry_sort_order']  = 'Sort Order';
				$_['text_browse']       = 'Brows';
				$_['text_clear']        = 'Clear';
				$_['button_image_add']  = 'Add Image';
            ]]></add>
        </operation>
    </file>
    
  <file path="catalog/controller/product/product.php">
        <operation error="log" info="getReviewImages">
            <search><![CDATA['date_added' => date($this->language->get('date_format_short'), strtotime($result['date_added']))]]></search>
            <add position="after"><![CDATA[
			,
                                'images'     => $this->model_catalog_review->getReviewImages($result['review_id'])
               
            ]]></add>
        </operation>
		<operation error="log" info="model_catalog_review->addReview">
            <search><![CDATA[$this->model_catalog_review->addReview($this->request->get['product_id'], $this->request->post);]]></search>
            <add position="replace"><![CDATA[
		$files = [];
                if (!empty($this->request->files) && is_array($this->request->files)) {
                    foreach ($this->request->files as $key) {
                        if ($key['name'] != "") {
                            $files[] = array(
                                'name' => $key['name'],
                                'type' => $key['type'],
                                'tmp_name' => $key['tmp_name'],
                                'error' => $key['error'],
                                'size' => $key['size']
                            );
                        }
                    }
                }
                $this->model_catalog_review->addReview($this->request->get['product_id'], $this->request->post,$files);
            ]]></add>
        </operation>
    </file>
    
  <file  path="catalog/model/catalog/review.php">
      <operation>
          <search><![CDATA[public function addReview($product_id, $data)]]></search>
          <add position="replace"><![CDATA[public function addReview($product_id, $data,$files = null)]]></add>
      </operation>
      
      <operation>
          <search><![CDATA[$this->db->getLastId();]]></search>
          <add position="after"><![CDATA[
          if($files != null)
                {
                    $this->editReviewImages($review_id, $files);
                }
                ]]></add>
      </operation>
      
        <operation error="log" info="getReviewImages">
            <search><![CDATA[public function getTotalReviewsByProductId($product_id)]]></search>
            <add position="before"><![CDATA[
                public function getReviewImages($review_id) {
		$query = $this->db->query("SELECT data , mime FROM " . DB_PREFIX . "review_image WHERE review_id = '" . (int)$review_id . "'");
                $images = [];
                foreach($query->rows as $i=>$image)
                {
                    $images[$i]['data'] = base64_encode($image['data']);
                    $images[$i]['mime'] = $image['mime'];
                    
                }
		return $images;
	}
	
	 public function editReviewImages($review_id, $data) {
		$this->db->query("DELETE FROM " . DB_PREFIX . "review_image WHERE review_id = '" . (int)$review_id . "'");

		if (isset($data)) {
			foreach ($data as $review_image) {
				$this->db->query("INSERT INTO " . DB_PREFIX . "review_image SET review_id = '" . (int)$review_id . "', image_name = '" . $this->db->escape($review_image['name']) . "', mime = '" . $review_image['type'] . "', data = '" . addslashes(file_get_contents($review_image['tmp_name'])) . "', image_size = '" . $review_image['size'] . "'");
			}
		}
	}
            ]]></add>
        </operation>
    </file>
    
  <file path="catalog/view/theme/default/template/product/review.twig">
    <operation>
        <search position="after"><![CDATA[</table>]]></search>
        <add><![CDATA[
           {% for review_image in review.images %}
        <div class="image col-xs-6" style="border: 1px solid grey;">
            <img src="data:{{ review_image.mime }};base64,{{ review_image.data }}" alt="" width="100" height="100"/>
        </div>
    {% endfor %}
        ]]></add>
    </operation>
</file>

  <file path="catalog/view/theme/default/template/product/product.twig">	
		<operation>
            <search position="replace"><![CDATA[data: $("#form-review").serialize(),]]></search>
            <add><![CDATA[
              data: new FormData($('#form-review')[0]),
                cache: false,
                contentType: false,
                processData: false,
				 error: function(xhr, ajaxOptions, thrownError) {
					alert(thrownError + "\r\n" + xhr.statusText + "\r\n" + xhr.responseText);
				},
            ]]></add>
        </operation>
		
		<operation>
            <search position="replace"><![CDATA[<form class="form-horizontal" id="form-review">]]></search>
            <add><![CDATA[
               <form class="form-horizontal" id="form-review" enctype="multipart/form-data">
            ]]></add>
        </operation>
		
		<operation>
            <search position="before"><![CDATA[{{ captcha }}]]></search>
            <add><![CDATA[
               <div class="table-responsive">
                    <table id="review-images" class="table table-striped table-bordered table-hover">
                        <thead>
                            <tr>
                                <td class="text-left">{{ entry_image }}</td>
                                <td></td>
                            </tr>
                        </thead>
                        <tbody>
                            {% set image_row = 0 %}
                            <tr id="image-row{{ image_row }}">
                                <td class="text-left"><div class="image"><img src="" alt="" id="thumb{{ image_row }}" width="100" height="100" />
                                        <input type="file" onchange="previewFile({{image_row}})" name="image{{image_row}}" id="image{{image_row}}" />
                                </td>

                                <td class="text-left"><a onclick="$('#image-row{{ image_row }}').remove();" class="button">{{button_remove}}</a></td>
                            </tr>
                            {% set image_row = image_row + 1 %}
                        </tbody>
                        <tfoot>
                            <tr>
                                <td></td>
                                <td class="text-left"><a onclick="addImage();" class="btn btn-warning">{{ button_image_add }}</a></td>
                            </tr>
                        </tfoot>
                    </table>
            </div>   
            ]]></add>
        </operation>
        <operation>
            <search><![CDATA[{{ footer }}]]></search>
            <add position="before"><![CDATA[
                <script type="text/javascript"><!--
                    var image_row = {{ image_row }};

                    function addImage() {
                        html  = '<tr id="image-row' + image_row + '">';
                      html += '    <td class="text-left"><div class="image"><img src="{{ placeholder }}" alt="" id="thumb' + image_row + '" width=100 height=100 />';
                      html += '    <br /><input type="file" onchange="previewFile(' + image_row + ')" name="image' + image_row + '" id="image' + image_row + '" />';
                      html += '    </div></td>';
                      html += '    <td class="text-left"><a onclick="$(\'#image-row' + image_row  + '\').remove();" class="button">{{ button_remove }}</a></td>';
                      html += '  </tr>';
                      
                      $('#review-images tbody').append(html);
                      
                      image_row++;
                    }
                    //--></script>
                
                
                <script type="text/javascript"><!--
                    function previewFile(row) {
                            var preview = document.getElementById('thumb'+row);
                            var file    = document.getElementById('image'+row).files[0];
                            var reader  = new FileReader();

                            reader.onloadend = function () {
                              preview.src = reader.result;
                            }

                            if (file) {
                              reader.readAsDataURL(file);
                            } else {
                              preview.src = "{{ placeholder }}";
                            }
                          }
                    //--></script>    
            ]]></add>
        </operation>
    </file>
</modification>